activation,lr,test_loss,test_accuracy,train_samples,test_samples,n_features
relu,0.001,0.5631569027900696,0.8550999760627747,40000,10000,38
tanh,0.001,0.47440460324287415,0.8600999712944031,40000,10000,38
sigmoid,0.001,0.257056325674057,0.8823999762535095,40000,10000,38
relu,0.005,0.38037002086639404,0.8658000230789185,40000,10000,38
tanh,0.005,0.329440712928772,0.8708000183105469,40000,10000,38
sigmoid,0.005,0.41034120321273804,0.8651999831199646,40000,10000,38
